id;status;created_at;cancelled_at
1;crac accepter lectorat;2026-01-13T09:36:27;2026-01-12T23:49:41
2;où candide malade;2026-01-13T05:19:16;2026-01-13T03:32:19
3;avant;2026-01-13T06:46:39;2026-01-12T20:42:21
4;séculaire;2026-01-12T22:13:29;2026-01-13T03:07:19
5;alors que adorable gestionnaire;2026-01-13T14:33:10;2026-01-12T19:23:31
6;tant soudain joliment;2026-01-12T19:32:35;2026-01-13T13:41:53
7;équipe de recherche pin-pon;2026-01-12T22:23:51;2026-01-13T00:33:45
8;davantage quitte à lors de;2026-01-12T23:50:24;2026-01-13T10:07:17
9;résoudre toc-toc équipe;2026-01-12T20:54:24;2026-01-13T10:41:32
10;hé meuh;2026-01-13T09:22:40;2026-01-13T03:43:20
