id;coach_name;start_at;end_at;capacity;status
1;prout décrocher;2026-01-13T09:19:30;2026-01-13T04:51:50;16629;même si de façon à ce que
2;aventurer lectorat;2026-01-13T08:42:29;2026-01-13T10:47:30;6805;favoriser
3;toc-toc gens proche de;2026-01-13T13:39:50;2026-01-13T05:16:59;6199;bouger tôt coac coac
4;énergique extatique;2026-01-12T18:13:34;2026-01-13T00:02:36;13716;sauf ressembler quelque
5;concurrence gestionnaire;2026-01-13T07:24:15;2026-01-13T07:01:49;23709;membre de l’équipe
6;antique personnel;2026-01-12T18:38:00;2026-01-13T08:25:52;24049;vorace noyer
7;jeune enfant raide toujours;2026-01-12T23:08:35;2026-01-13T07:12:46;5784;à demi placide
8;probablement pas mal;2026-01-13T05:30:57;2026-01-13T06:49:34;17962;ouah pff mince
9;dès que recommander perfectionner;2026-01-13T07:04:09;2026-01-12T18:16:30;32610;rattacher vers encore
10;au-dessous jeune enfant;2026-01-13T05:44:06;2026-01-12T22:41:08;18617;vis-à-vie de cot cot agréable
