id;nom;prenom;date_de_naissance;email;phone;address;login;first_name;last_name;image_url;activated
1;au cas où coin-coin séculaire;tant corps enseignant spécialiste;2026-01-13;Ariste.Poirier@gmail.com;+33 185311106;tantôt;"L@u6IS";Angélique;Fabre;évoquer concevoir camarade;false
2;accéder;si bien que au point que;2026-01-13;Gerberge.Robin@hotmail.fr;+33 361311898;tellement redresser;"fph.N@vb9\l8279\6TkT\akts\58";Maxence;Moulin;imposer quasi;true
3;simple hormis;deçà au point que plouf;2026-01-13;Gislebert.Guerin30@gmail.com;0651064425;actionnaire céans du côté de;"s-M@PtXuwS\~vvL7lQ";Sidoine;Maillard;lectorat;true
4;devoir;cuicui plus;2026-01-13;Maugis_Renaud@hotmail.fr;+33 481632835;alentour drelin;"_";Pétronille;Fabre;y tant;false
5;afin que prout ouf;géométrique;2026-01-13;Amaranthe_Rodriguez@yahoo.fr;+33 294138718;en bas de de façon que quant à;"x*j@w";Sixte;Muller;rectorat;false
6;de tendre sonner;vouh avant;2026-01-13;Odilon83@gmail.com;+33 462107162;aussitôt que;"Cb2W";Athalie;Gonzalez;que freiner;false
7;durant neutre;recourir hé;2026-01-13;Eusebie_Roux@hotmail.fr;+33 781877440;prou outre;"CBa";Lorrain;Rey;bien vide commissionnaire;true
8;du moment que de façon que;simple fonctionnaire;2026-01-13;Gustave_Martinez18@hotmail.fr;+33 422685700;approximativement;"`LmFOG@sR";Agathon;Charpentier;multiplier carrément au lieu de;true
9;géométrique;secours hors;2026-01-13;Adalberon42@hotmail.fr;0518870143;de manière à ce que;"taybI";Narcisse;Roy;ouch quasi ouf;true
10;là;svelte arracher;2026-01-13;Simone.Perez88@hotmail.fr;+33 403343522;composer à bas de derechef;"~*SCN@Ki\|D\B1\+COdKyJ\hxa";Christodule;Moulin;sitôt que traduire plaindre;false
